Strom mA +- 10,Periode in us +-2,unsicherheit
984,15,2
1333,9.33333333333333,2
1288,10,2
1489,8,2
1659,6.75,2
1994,5.36,0.8
2459,4.33333333333333,0.8
